{
    "num_partitions": 1,
    "random_state": 42,
    "num_trials": 10,
    "fit_time": 214.55576848983765,
    "score": 0.9288973348052357
}