{
    "num_partitions": 1,
    "random_state": 42,
    "num_trials": 10,
    "fit_time": 133.90535974502563,
    "score": 0.9886118490406914
}