{
    "num_partitions": 1,
    "random_state": 42,
    "num_trials": 10,
    "fit_time": 320.7978367805481,
    "score": 0.9429059296640909
}