{
    "num_partitions": 1,
    "random_state": 42,
    "num_trials": 10,
    "fit_time": 234.87033033370972,
    "score": 0.9708113067807769
}