{
    "num_partitions": 1,
    "random_state": 42,
    "num_trials": 10,
    "fit_time": 163.3605306148529,
    "score": 0.9573902821316616
}