{
    "num_partitions": 1,
    "random_state": 42,
    "num_trials": 10,
    "fit_time": 97.11848759651184,
    "score": 0.926999804075235
}