{
    "num_partitions": 1,
    "random_state": 42,
    "num_trials": 10,
    "fit_time": 572.1660652160645,
    "score": 0.915736644649934
}