{
    "num_partitions": 1,
    "random_state": 42,
    "num_trials": 10,
    "fit_time": 92.9209156036377,
    "score": 0.9916436854311617
}