{
    "num_partitions": 1,
    "random_state": 42,
    "num_trials": 10,
    "fit_time": 286.3346915245056,
    "score": 0.9877087144308943
}