{
    "num_partitions": 1,
    "random_state": 42,
    "num_trials": 10,
    "fit_time": 223.88062524795532,
    "score": 0.9513331745426828
}