{
    "num_partitions": 1,
    "random_state": 42,
    "num_trials": 10,
    "fit_time": 772.9070456027985,
    "score": 0.9528123763393512
}